name,logo,nativePaymentAsset,floorPrice,numOwners,totalSupply,sevenDayChange,sevenDayVolume,oneDayChange,oneDayVolume,thirtyDayChange,totalVolume
CryptoPunks,https://lh3.googleusercontent.com/BdxvLseXcfl57BiuQcQYdJ64v-aI8din7WPk0Pgo3qQFhAUH-B6i-dCqqc_mCkRIzULmwzwecnohLhrcH8A9mpWIZqA7ygc52Sr81hE=s120,ETH,,3427,9999,2.504804560415711,11627.819993999997677747,-0.6249496441520076,502.739999999999952252,-0.3042167084524825,865010.922843307722359896
Bored Ape Yacht Club,https://lh3.googleusercontent.com/Ju9CkWtV-1Okvf45wo8UctR-M9He2PjILP0oOvxE89AyiPPGtrR3gysu1Zgy0hjd2xKIgjJJtWIc0ybj4Vd7wv8t3pxDGHoJBzDB=s120,ETH,95.88,6382,9999,1.4651801384240006,11822.656600000000253203,-0.7023839161030055,1201.450000000000045475,-0.5411205379865824,425366.372401188709773123
Invisible Friends,https://lh3.googleusercontent.com/lW22aEwUE0IqGaYm5HRiMS8DwkDwsdjPpprEqYnBqo2s7gSR-JqcYOjU9LM6p32ujG_YAEd72aDyox-pdCVK10G-u1qZ3zAsn2r9=s120,ETH,7.29,4142,5000,-0.7846079292789179,1477.827399000000468732,0.912162162162162,246.917499999999961346,0,31549.07934224799828371
Azuki,https://lh3.googleusercontent.com/H8jOCJuQokNqGBpkBN5wk1oZwO7LM8bNnrHCaekV2nKjnCqw6UB5oaH8XyNeBDj6bA_n1mjejzhFQUP3O1NfjFLHr3FOaeHcTOOT=s120,ETH,9.3,5579,10000,-0.2971196388080553,2693.276900000001660374,0.14415213234073287,489.951000000000021828,-0.7466056522626969,128752.157179760615690611
3Landers,https://lh3.googleusercontent.com/jM8itRiSM3hI8RWokMkhR97JdoIzukU3DUEO-9MD3i6r6DnTBW6efbv1617zES0MfoiWzW4f3UaL9lgRr61vf3Cj4DDPIsk_XjNBXQ=s120,ETH,1.878,5431,10000,-0.48928818616876346,1408.294896670655134585,-0.04164880517537371,186.673299999990035758,0,23940.2529340953733481
CLONE X - X TAKASHI MURAKAMI,https://lh3.googleusercontent.com/XN0XuD8Uh3jyRWNtPTFeXJg_ht8m5ofDx6aHklOiy4amhFuWUa0JaR6It49AH8tlnYS386Q0TW_-Lmedn0UET_ko1a3CbJGeu5iHMg=s120,ETH,11.99,8563,19083,-0.2891836350801381,3712.652231999999457912,0.20768760476812675,416.205500000000029104,-0.664488639217017,141579.991257756511913612
Mutant Ape Yacht Club,https://lh3.googleusercontent.com/lHexKRMpw-aoSyB1WdFBff5yfANLReFxHzt1DOj_sg7mS14yARpuvYcUtsyyx-Nkpk6WTcUPFoG53VnLJezYi8hAs0OxNZwlw6Y-dmI=s120,ETH,19.38,11850,18007,1.1227070192477089,6819.254355370239863987,-0.22084161504870115,1023.923199999900134571,-0.6066400046111983,260855.300735138094751164
NFT Worlds,https://lh3.googleusercontent.com/DIafQlRW63pQ8UJqmdQBBOHZcubAE9rAkbovVx_WU_-TmIg3hF7z0y60gUGvah85_uYVgBxmhNfWUXwajaUmYZsrCPp8ZdYE0Z-wrt0=s120,ETH,10.6,1291,10000,0.12733091719253284,2217.031641102271805721,-0.020842802415427804,150.799999999999982947,1.841180598309577,38317.675656077975872904
mfers,https://lh3.googleusercontent.com/J2iIgy5_gmA8IS6sXGKGZeFVZwhldQylk7w7fLepTE9S7ICPCn_dlo8kypX8Ju0N6wvLVOKsbP_7bNGd8cpKmWhFQmqMXOC8q2sOdqw=s120,ETH,3.14,5075,10020,-0.041846764524769174,1628.011165067415959129,-0.5749197327501115,192.932058154327876309,2.3781050654679903,26688.85012739390367642
CyberBrokers,https://lh3.googleusercontent.com/Qd1IEPYz_0YlMaclPwb6_9PyP7afZIzH15IdIU2X6t1Wvg81DwpAaWOY0cNmxy173C4yMA7sM3xF9-HJsCSKJdx6KvDR3old3IKuTIc=s120,ETH,2.95,3695,9986,0.39848309233616236,10160.739604594977208762,-0.2470214197671945,207.691061588529464643,0,17426.28300678352752584
tubby cats by tubby collective,https://lh3.googleusercontent.com/XHZY9623keDQqFSDHKqOdcjD99Y7N82K1egYRM2Mm1Z-Jxn5myrkKiC5NBktWKStVtTzDzwELy9dNpzTWJTIkLsdMIxUHI86jduQ=s120,ETH,0.4,9895,20000,-0.2711829568964519,513.461062270229717797,-0.3091542906462748,90.746600000000043451,0,15026.925803069301764481
Meebits,https://lh3.googleusercontent.com/d784iHHbqQFVH1XYD6HoT4u3y_Fsu_9FZUltWjnOzoYv7qqB5dLUqpGyHBd8Gq3h4mykK5Enj8pxqOUorgD2PfIWcVj9ugvu8l0=s120,ETH,4.7,6025,20000,15.531991614609497,10561.211488392478713649,-0.5998318302123994,373.579600000000027649,2.8813388877027672,95707.826359639730071649
The Sandbox,https://lh3.googleusercontent.com/SXH8tW1siikB80rwCRnjm1a5xM_MwTg9Xl9Db6mioIk9HIlDM09pVoSR7GKJgS6ulSUpgW9BDtMk_ePX_NKgO9A=s60,ETH,2.94,20295,167378,-0.05493392419095257,2025.028224581390304593,0.46613127615058886,254.55714499999996292,-0.5039764889134881,155991.902831009996589273
Doodles,https://lh3.googleusercontent.com/7B0qai02OdHA8P_EOVK672qUliyjQdQDGNrACxs7WnTgZAkJa_wWURnIFKeOh5VTf8cfTqW3wQpozGedaC9mteKphEOtztls02RlWQ=s120,ETH,12.8,4062,10000,0.5464500091589852,2726.004599000000780507,0.7133993711478254,753.636999999999829924,-0.46053620797597355,89304.46178397603216581
Tasty Bones XYZ,https://lh3.googleusercontent.com/pFx2k4GbEd30FbIPOGagqG646QGUk-0Ns8n6kSgozxY4aJSI2AYm1a_Acvu0jngeIx7hSeZeZTHLKUiUEt9qXfE-DWRmJyZJQ_AnKA=s120,ETH,0.52,3464,5049,-0.3714254724627202,135.035047800000000962,-0.18239154256113976,13.13209999999999944,0,9976.252962897562611033
RTFKT - MNLTH,https://lh3.googleusercontent.com/gp39NTyxBPazqowYV9XTFxAU4eNk1i7FlmonHW4Zr7eS9UxEvrZ7f04rOLEhDxcuGxsbUx1Rm_N6Ky_Dp4A1ZQYHFAaEWj5YdBF0qg=s120,ETH,4.7999,8910,1,-0.2521847175319348,1297.790199000000484375,0.9634660709000544,198.356999999999999318,-0.01384592267824786,18176.129627698723197682
WonderPals,https://lh3.googleusercontent.com/DA_iUjt7S9PdmAANh0aqMkxYVhvGogTuKbMSzFO3uEnbvRRt5hn1B8DuN50HQpkRtH34QX7EOYYKIayz1q5KgZWfgLedNo7xBQzK=s120,ETH,0.585,6963,10000,-0.8562433833573048,662.387939267700517121,-0.6766125930588258,67.650798989999955779,0,8947.464474578249792103
Karafuru,https://lh3.googleusercontent.com/VMG3VFncJG-pyqsRAwQznZGqYDw4RkPjJnJNJwrDERFhD4pWLh82q66JJ8Qh0vCPoovjoyigJwLqfFpa5tMAVV5ASIiR5nF1XkQFpec=s120,ETH,2.7,3670,5553,-0.26761270414989025,532.223649999999906868,2.5904724640516474,183.526999999999958391,-0.6866739665169554,36549.486076743953162804
Edenhorde,https://lh3.googleusercontent.com/jrJiN_NEI5ySl1EV8V6qjPA4zErIe4lWpsqWb5RoqaNlsx_nm3tKI4HLgDVHjzvHN3PSx0NfYwbO49YVucd1J5W3-dfcN-dqUEFY5A=s120,ETH,0.3777,3413,8680,-0.5899055509779261,118.070214900000053149,0.06760364456845623,6.198400000000000354,0,8417.399564852148614591
Antonym: GENESIS,https://lh3.googleusercontent.com/VvaQMGvYpCRISPBOo4ZgI-9xmZq2XZnRtp3veKYMFinA1jN8Ab0EsVRKWQm0rIy8kN8qdibhDUe7lxVZKuMgg57bzo3mOANKb6b9tQ=s120,ETH,0.599,5321,8888,-0.41563313178428674,2863.777032869041249796,-0.7334791721591822,432.848476582608441277,0,7764.426245945091068279
CatBlox Genesis Collection,https://lh3.googleusercontent.com/ruiSdBeZwFASTXoEuKtOQECfEj23sNlkJT-oHMN907STbDjqT3lvvZFDjCNcy8ynGb9yLDkFip0bf_Ed_8eCRpbsSO_s6dBKNfRcnA=s120,ETH,0.239,5091,9999,-0.7562149157930235,137.113170000000081927,1.418619774595,23.058999999999997499,0,7585.584960293517724494
Starcatchers,https://lh3.googleusercontent.com/uRZrWesOYmPJBCQV-YFcGslv6HncNKMmSkMCtUxGI1uOLVm713TPmN9BIs35-jEg8dXvgUnhxy0Udyj4qwZjNPliNSTP5DtiS7vkXw=s120,ETH,0.2679,5622,10000,-0.5659450929408135,287.773405639927943866,0.11377131090028209,20.050099999999996925,0,7330.182269870809250278
Cool Pets NFT,https://lh3.googleusercontent.com/dNMaqYrBRTBWeTQOJsKg0IedkMSS_SB37x1ivbcydSWur1Pv3_sETgQYQdeCgp8Iv4gTT60xz8pnWkfAJF7HwHibOfB94wT5l2WJ2Q=s120,ETH,1.3199,10201,18663,-0.0630711898873785,666.375146550523595579,0.6102255394796161,94.654693000000008851,-0.4658213568732799,20570.212688673487718916
Worldwide Webb Land,https://lh3.googleusercontent.com/Tc7kJNU7hcpmCCykek6ANVhWervl1zhbNIlM_T3VSR1hsSCrOGG6IiNALSs8v-OgUVJvoKW6tVbJWjnJti_o0ihvUNlxFWfZV9V9=s120,ETH,1.85,4877,9508,-0.5021882460550815,484.830319999999915126,0.2000971430709177,96.236989999999963175,0.8703325481190195,20315.154657733895874117
Cool Cats NFT,https://lh3.googleusercontent.com/LIov33kogXOK4XZd2ESj29sqm_Hww5JSdO7AFn5wjt8xgnJJ0UpNV9yITqxra3s_LMEW1AnnrgOVB_hDpjJRA1uF4skI5Sdi_9rULi8=s120,ETH,7.99,5329,9941,0.2210657910739134,1246.99610000000097898,-0.4428112143564602,106.099999999999994316,-0.5014945460110997,90882.352692407497670501
Dippies,https://lh3.googleusercontent.com/ltLmL2_T4KKONimcbknNYs3SeQoKLCKgE429Y39zSMIpvEIy8PW8xXMnztPCehNCktTGhJAsKIzksM070xfmhFhsIyrs0U05N50q=s120,ETH,0.352,5574,8888,-0.8019425521329862,1126.601112947319279556,-0.18423695899803977,47.272933444444433349,0,6814.855329490599615383
Coolman's Universe,https://lh3.googleusercontent.com/E2qCzhIiOS7mfw-vkPU3ROBTbNMeSaC47DLYXd9qiV275KGgciNbbKFgpffwOEpTTJ9JHHztmv1nnh6bOo0KpoFueK4EitHJzsqX=s120,ETH,1.42,5675,10000,3.167030160837523,1660.511760586603259071,-0.8900267530717468,131.135400000000061027,0.2559306361688834,20772.473795271413109731
T-O-S The Other Side,https://lh3.googleusercontent.com/A77NOhBXYcgBIGygV2SqvYNcJnjgJ8q64GKl2Zm5WeU9xrmZfLq0uzb6gHkMHRf01l19_OVi0d3o9S5DwY4hvZqdgQi7_YjNShbtrGk=s120,ETH,0.29,1309,8888,-0.37738755537732216,123.792001899999945635,0.36086015350087275,24.55740189999999501,9.027535925841239,7082.53706323288497515
The Doggies (Snoop Dogg),https://lh3.googleusercontent.com/ufumJQN9NwT0U5jh_suJP5cLRIjyE38hirVdBChQLe-ghnt1RomIARfxSNmR6fdMQC0OIgjVQHhhduUfcxiRVrfHpihrXSW-SU5J=s120,ETH,0.378,6833,10000,-0.6963220156267045,201.277438036856722192,-0.09188079647070264,32.2593000000000103,0,6387.977658328009056277
DEGEN TOONZ COLLECTION,https://lh3.googleusercontent.com/3Rk7PFs3XX1ja50aKi8lxh9x67yNX5kZLti7gPlHvWsS7iuXSUdQGctoOXtto7uLLLnvwxe1uhWN6WmmZvVWCcQ-Qm7a8K2KFmEZJC4=s120,ETH,0.539,4242,8888,-0.6167151180152783,552.152644487867632961,0.13419727041716123,72.903499999999979764,0,6079.29018375131454377
HOWLERZ,https://lh3.googleusercontent.com/x6hvOIWMQoPlIGwDAhpZCm4NesFGCwtrF6tv7UNu6vDasx6WxqW80WZ7w_vvMd6rVil6orhfeBmCk9GDGVUCYfP78gzFDb30usxWOA=s120,ETH,0.334444,2298,5000,-0.710898525294577,126.004990951600035487,0.08635029278103068,9.777043999999998292,0,6001.932839929535475676
DourDarcels,https://lh3.googleusercontent.com/WxBXXLXUJZwhUMPfz0o18a2gjYpU-qecO-ENOF8QXsfiBLt8TeQ8Nurmi2zLbwgwTHE-J_aZRkIqDA_OGrBSbU7ZpOV8jdjtkp-U4Q=s120,ETH,0.95,4920,10000,2.2800115401581493,4462.647442311897066247,1.105323656761355,565.258980179899594987,0,5823.20590001064556418
Quirkies Originals,https://lh3.googleusercontent.com/XS6RqsT7CBpoeX8vUmWkJYldMV6h0Ko7TpagNgFZ-nEh4yrMZFrpY4gtBqyuRDJV6mx2B0ssYxoh9Z9XlO770Xe8FNSu-kj-1EVzMQ=s120,ETH,1.35,2309,5000,2.497452856306879,1871.284445712621618441,-0.1525588558575045,83.743879631818160192,10.900698458513217,6128.702552106407893007
Metroverse,https://lh3.googleusercontent.com/sHO92R4xynTQtuC-DZ1B5qC5ZJe3n3Y46iufDza_sDXHuSj1zhhguoj-YjKN0pxh3b0Lg0Rz8Cp_BQliEh1o_-puGOVDDH8H7bzqcQ=s120,ETH,1.71,428,10000,-0.43502409537059317,792.186196101900236499,0.8176139873813342,115.564552603899997507,-0.6211522971399903,19934.547191245495923795
Pixelmon - Generation 1,https://lh3.googleusercontent.com/hqDSpTYhSy--C3l8Q0yKGGCs1h9DSwlqvNGK3WXh3QS-ce-VYWOfo-F8unGDdGhhJA6v8Vqw6mYyMr8MPecCEYHVAKXh4tn24THo=s120,ETH,0.24,5356,10005,-0.8629546443725967,157.633223462560721373,0.0975493453342799,14.535285000000001787,-0.294630943704095,13111.632421073738441919
adidas Originals Into the Metaverse,https://lh3.googleusercontent.com/_wXtGDZ07ZelRfyfqDQkhoTX_feD_w3wdFuJ25z2ZLA1R6GFzuQ2jOGURRS8d7UEJGJd1svd61tZnGRS4zN-VXTUUVmg8Wymt-Uk=s120,ETH,1.18,21808,1,-0.1656476489436481,489.738089990010280417,0.03791434852939579,67.179110000000022751,-0.08442590516520795,27371.774443892540148227
GNSS by MGXS,https://lh3.googleusercontent.com/DZWZqpzB2oziNcsKBwjLVJScJuJYOajr_hgy6p5OxM_iy4is4Rec9GDCkrRrPNwGC3kh9NamwSFlK2gd4FM9oBqCZsBGdDiDa564XCU=s120,ETH,0.91,4411,2528,0,5151.449689716302600573,-0.6728706124689872,445.734558799999717849,0,5151.449689716343527834
Psychedelics Anonymous Genesis,https://lh3.googleusercontent.com/9VndAx-5SvVdamB8KvABGcw2bdXMdeyEYdhHJ22WMV98C2yS85SDT5rnBtT0zOxVjeJ6KBz2fXKXcYSIXeOc7aGiU4i0Rx9IwaMfO9o=s120,ETH,3.23,6000,9595,0.3589528101037088,491.706309677419426407,0.08412158245415441,64.100000000000008527,0.5138364827625356,18850.943866136767610442
Decentraland,https://lh3.googleusercontent.com/5KIxEGmnAiL5psnMCSLPlfSxDxfRSk4sTQRSyhPdgnu70nGb2YsuVxTmO2iKEkOZOfq476Bl1hAu6aJIKjs1myY=s60,ETH,3.82451937,6839,97367,0.4037948826053741,1367.148995140000351967,-0.36232247281845537,71.585212600000005523,-0.493422173747433,262394.393603131175041199
VeeFriends,https://lh3.googleusercontent.com/5y-UCAXiNOFXH551w5bWdZEYOCdHPwbqmcKb-xa3uVQEjQgxvih3HtZWSmzqDqd0uk7kIqFrZhw32Gt6xPBFg4t_n9BKhpou-dwnOg=s120,ETH,15.9,5246,10255,-0.2677040967707012,1417.669800000000122964,-0.4593165798345082,105.854999999999989768,0.2954297391269329,45233.816149370599305257
World of Women,https://lh3.googleusercontent.com/7rQxqp2cAN4J-pFJ6A22Ncb_tm2j6Lz61zXMi9bNJbmAk8PheVXcL4zVIZptVQ8_owbOJAiYuhSbn0vtjwcE4Jg7FQqDGwZTndd-_A=s120,ETH,8.7,5153,10000,0.3078388780774104,1058.466699999999946158,-0.3659846213997132,121.620000000000004547,-0.661416481851137,56339.847053126279206481
HAPE PRIME,https://lh3.googleusercontent.com/5VAunHscTO5Nt8WgCezb0i2oVskplFVhVgwmvISfiWQlrBulCxUL7zCYUkRfVF04_47QmNlpWqqdfVraThlhLBEZjuWzajmYDYc9vOc=s120,ETH,1.73,5715,8192,-0.15946401186349368,457.818975889999990159,0.10610074924278673,69.385699999999999932,-0.9087960236881769,50647.644474117914796807
DentedFeelsNFT,https://lh3.googleusercontent.com/0E-6rL-B-dLFiu-9tipTI7zXaaK0DHEQ4699BVC0nMQ9XRIqgeJ7XrhER-bXYSEsSIex-5CW2fr7bUaCFV-978YiWABy8nKYrxOp=s120,ETH,0.1745,5897,11111,-0.8652475656869352,191.926390863176635548,-0.24195598306619007,14.922899999999996723,0,4039.243386962962631515
RaidParty Fighters,https://lh3.googleusercontent.com/xFWORGa69G8bUyY9cDTO-33PSBKd2Ua8GoPQj_0v1xyYgyUYRR05QJi7Fl4Xv75Vdxm-j8Ov5m9hIpR6tw246IGAOGP7vB4VTulYnA=s120,ETH,0.798,585,8119,-0.14120492668964496,1496.147952029341695379,0.6058250860144845,297.497369687789898762,-0.24182682288427956,9334.421736884125493816
Clementines Nightmare,https://lh3.googleusercontent.com/rb3CzNFCXwT3kzh9pxKVnMMegerJAWTblo9A1aQi2ZZeB2Bm9K8-xhdRSrdHktvLMHCTxwAGvdVFsIo7pTwpE4erRNg50sX4_3EWTKo=s120,ETH,0.36,3462,5000,-0.7656834446263948,153.14031471107406901,-0.14116166525135213,9.245999999999998664,0,3890.985365258680303668
Bored Ape Kennel Club,https://lh3.googleusercontent.com/l1wZXP2hHFUQ3turU5VQ9PpgVVasyQ79-ChvCgjoU5xKkBA50OGoJqKZeMOR-qLrzqwIfd1HpYmiv23JWm0EZ14owiPYaufqzmj1=s120,ETH,8.14,5453,9602,1.1705676908904885,1242.703399000000445085,1.5136222514660975,393.477399999999931879,-0.696211628097361,66864.467599379364401102
Do Not Buy! (Old Contract),https://lh3.googleusercontent.com/GgJibqTQ1F9dm55Jy0Ijcln06ttjyvGMJmHq6eRHlnoJbwFxIayLXCpEHnt9Nxviaw0zo9jExN9VLKugf95m3ggAYl-6yN7aToO1=s120,ETH,0,4498,7777,-0.9998449257725996,0.148870000000000086,0.0015,0.0015,0,3545.300362756335289305
Acrocalypse,https://lh3.googleusercontent.com/2A1CFc0BZ_4wmXLeAd-2KgxsRGa_KdkvBRex3BC64HoPnLPzBjPz79xmX5JPq6OXEx8yhc38oGIlh1OjwDqvgU0-Tx_s3P9hAdUY5Fk=s120,ETH,0.51,3760,10025,0.7911278001930103,480.918953396800759492,0.19761346852199457,86.273200000000016985,59.90454873679896,3593.442476683445875096
SkuxxVerse Pass,https://lh3.googleusercontent.com/XwIn-1ZdQpG5KJ9TUIDDvzQxwIdk7xyYnP2077a2Y5bDs8hihErufVuVjYgJXzqnTYtlMMs0z5O-dQVJb9QFRou0gD27D0hfkGxBfg=s120,ETH,0.359,3002,7777,0.013174692725503829,244.574855799999966166,-0.19750447089366832,16.988099999999995759,18603.459662731853,3497.826416593595240556
Look Labs 420 Game,https://lh3.googleusercontent.com/oLh0YxnRwrQLb0G58iVuPOshNhLEe5Djx99pnbR8dqgHTR-2BZKuPXVL3nPH93_BJxDZ2EcOOHVcb3xN7UnMF9yJlgnzuGJVhxF4MQ=s120,ETH,0.73,716,2,3.2823233761060524,1045.699730713431108597,-0.09981139374931673,187.527958696969676566,0,3496.753534346519700193
Hero Galaxy: Heroes,https://lh3.googleusercontent.com/DduOoAikAyFHfZG0FNqYQl3lcdnr5s5FWRtHUuzAcantq7RDCnnROEHOH5hVzYyfxS87t5ugD7hfdfr-jb9dnyDSo2am0G29hR1ko2I=s120,ETH,0.545,2080,5555,0.10716674419005155,209.560336249999977554,-0.27746232138268495,12.934435999999999822,0,3230.257721801864136069
Loser Club Official,https://lh3.googleusercontent.com/lboeLdy4a1Bodfib2FRXkqLeWPCaGbCeWs6GdOMQhXqO7r41feS7iRkyb99qoHaxpmYb9NF7wnvyjt7VU5Jwo2YGrAst5Dgtm_RpRQ=s120,ETH,0.328,5536,10000,1.4790298421357468,2248.265558398471512191,-0.6766375083038177,143.08362689999987083,0,3155.17902921886616241
Gray Boys,https://lh3.googleusercontent.com/YyDYdthDkWfr19tpjCedtcgLdapxiTkQ2zjmPDdBUngMobX-meNlniRtWkfUrXCrk-7o5YgaD31a8nxZKQLUz3S41ImMQgoYKe04Vg=s120,ETH,1.108,3296,10000,-0.2264362125599569,227.694899999999933016,0.8107335337834007,31.91780000000000328,4.119330251079424,5039.927605451824092597
Gutter Juice,https://lh3.googleusercontent.com/xsApnCm19QrZDa8uPuZ8GBoNxRbKW5aPZQsUedWh3giAEM5Oo7dEDDjAQcEdVHDvbDlHfmOOv2mqyv5owaGHWvmDfc4zZ8Nq-gRxbw=s120,ETH,0.22,8009,28000,0,2718.939594749047046207,0.3980390540282199,234.650759000000135757,0,2718.939594749003390461
alien frens,https://lh3.googleusercontent.com/_zidXBb2QsMBD6OYdjED63tczeXDUr1ah7zvhSSLHQjU4BF-H-lUexkLJ76_ahmbkkItEiH738jVPG88DOFVdt4GX377cvNNgCyzFT4=s120,ETH,1.59,6794,10000,-0.2724321389984823,403.753711785125062761,0.24202339441161208,46.842899900000006141,-0.565411034106229,21216.819918328063067747
Creepz Genesis,https://lh3.googleusercontent.com/r_FGZQ0mgacLAOzH1MxC9n-yyygNmg37QyjYvM3g4HCl1mOkeGif7_8IW62v_R4Tvx9O9EWdHkNmiQQW30DNxwcvuSbg5EM1FQeSDIo=s120,ETH,2.1,311,11111,-0.3903522789236256,286.514890898294936505,0.12516133448060068,46.028999999999996362,-0.862163744407756,24601.438933328656275989
HUXLEY Comics,https://lh3.googleusercontent.com/7gMGh7tsUXwYFz-pJdYLWo3GdrzUF8e0aiPizi2XeWTBtxCdPU8Zt5dW7P3Ev3Fi5o1XM91SCNe89S-mk0uE6_DTFve6krp6uAByQ3o=s120,ETH,0.248,3562,27788,-0.7213571922980827,284.377341539900214684,0.07428489268112787,21.196199549999999334,5.781167252328196,3551.184065576067951042
Mavia Land,https://lh3.googleusercontent.com/KwtlzGCHxo9CgfOzLHrO1f6a8ty1QSBGFpGyof9DlVw4zpQ-N_tbqzAwI3kQNuItCM47XwwJp97jqs86k6fW304hRLgFpLrBMXPrGQ=s120,ETH,0.715,2406,8001,-0.30687952942344565,1027.197849912769015646,-0.04625306661335972,90.413468696900068267,0,2509.188201544311596081
hausphases by Haus,https://lh3.googleusercontent.com/zpYSsc9x7hJ6veSPqx-IzrDUMrfdGnimXa15KkR2ctEvHIFMmB3n8ogN4C1jAlIVjjicCzE6kj2WRyYeR6uYvBH22xQnJPOPVz5cQQ=s120,ETH,0.58,5181,7777,0.6174460440303823,475.846166863968335292,0.5648706353332634,90.08507999999984861,-0.563352468143828,8146.743338050657257554
Parallel Alpha,https://lh3.googleusercontent.com/nxaymgd9aJIzLXb0r3oLO0VCMFi0Zex1ubTmEYekEKwOVq1YijOULDeT1qCjk71OTsQW47zmvZ2ZuycXorgu6WA6Wosc6CiOuVnAXGk=s120,ETH,0.001,43635,529,-0.4711616336096107,431.111017614770787532,-0.514709975800252,24.968892999999013682,-0.7031344965666102,64039.839936855096311774
Women Tribe NFT,https://lh3.googleusercontent.com/2LhfMy_lvayjRds1DtRGNbJUNSUFderN5QwuKs7AQ5YkyUpbxPrBHXg6b_YxBw3sExI9aD9s5F1KRB_ZrubmOcLamAMiXohzz67CQw=s120,ETH,0.1069,5305,10000,-0.45496651442279473,47.440083798999964415,0.3160167036430138,4.81068590000000107,0,2388.821779078901272442
RaidParty Heroes,https://lh3.googleusercontent.com/xFWORGa69G8bUyY9cDTO-33PSBKd2Ua8GoPQj_0v1xyYgyUYRR05QJi7Fl4Xv75Vdxm-j8Ov5m9hIpR6tw246IGAOGP7vB4VTulYnA=s120,ETH,0.799,1569,5337,-0.3559455524613587,543.731688977388330386,1.6983713811480576,194.205299999899978047,-0.7509612668868834,11836.85520365001866594
The Walking Dead Official,https://lh3.googleusercontent.com/N6RmCQqaCOaFluQihElP55ucIlcyShXyzYV3ceMmk3ihJC-ZZgIYsrNdbOYCPZUT_nXS16izBMvPgBU8MF1q7LQFC1M_WNdViAwLHA=s120,ETH,0.39,2977,5000,-0.8453390946625565,312.713529730427922004,0.0429459963361383,24.480549899000017433,0,2334.643564654958936444
Bunny Buddies,https://lh3.googleusercontent.com/uRNiQu5_VpjhHoYy_QTvqOpIWs5QvSJ36hCrsGV4jP2YDJqIwfBVtR_XALDmmHHyFks6FC919AzvXv0J1AT4WlSEGM6VIODNt07snw=s120,ETH,0.13,4790,8888,-0.8288712844548014,85.628372532100115677,-0.07289173835641004,9.379099999999995774,0,2299.80020742960869029
Kaiju Kingz,https://lh3.googleusercontent.com/80yXYN287mZWxZhcBImQes5pVi19Tm5X9q2xj6DU2o_WUJKB1AybLpiFv2nL2WL00c3idD_XAL12wZLKsV1jzL8x2fTYlakHZg3JxA=s120,ETH,1.35,3079,5316,0.12869469422667662,410.103510900000003403,0.27996631008464995,83.822996900000006804,-0.3987597286289869,23792.207736846801708452
DeadFellaz,https://lh3.googleusercontent.com/seJEwLWJP3RAXrxboeG11qbc_MYrxwVrsxGH0s0qxvF68hefOjf5qrPSKkIknUTYzfvinOUPWbYBdM8VEtGEE980Qv2ti_GGd86OWQ=s120,ETH,2.39,6165,9999,0.21434622257921443,439.759588135927856456,-0.4971718590786549,32.114999999999994884,-0.7203519205600284,24385.058334783083410002
The Orbs by BT,https://lh3.googleusercontent.com/CpUPdCh-yk-F8w68DjV5Dt2hLtLFq7gFtZNGITrBlMwdul2ZR_qxGcz18gt-502WgDADvOnHYoDf9yFdR-FfuVDLpu9N9iRMd2es=s120,ETH,0.78,1416,3333,-0.33939630634783907,85.978800000000006776,0.346485200845666,5.095100000000000406,0,2258.589320121104265127
"I Like You, You're Weird",https://lh3.googleusercontent.com/m3ItIEvgov0fZVFGX8suBYdLTk9hTNKb2DNPvWFHnTxpIx-6D_kzR6c1uqXDssIITM9MI3eGkuyXU7ojyxRoCpWK0QOOU2rEciE3Tw=s120,ETH,0.1585,5110,10000,0,2230.314156365177950647,-0.39979300817412655,107.420834837500194681,0,2230.314156365147937322
Tales Of Tsuki Genesis,https://lh3.googleusercontent.com/yi1gth2WBlVkXk5hWL1USe73vGbOapZOA2hU14xYrt9fP3tI9C9feqh0PVpdLdTSxo628sJJIR_gUXTebPqcjp-wu7NQhTpuBNlKOA=s120,ETH,0.029,5864,10000,-0.6035590474566116,12.163354124999990802,0.5160145793543529,2.035999999999999144,0,2186.147244853706069989
OnChainMonkey,https://lh3.googleusercontent.com/DiZDS55tz4x8hmupgiNQxHHq1kuts0n83RNwpytSpNJ90IKyNxRzDLMVPtCQOBd5IlEjE5nlvwXISh065KHXfOS7F5tS-Dvdh-dTMis=s120,ETH,1.89,3002,9500,-0.13924271995106935,182.694799999999986539,2.8973072215422273,31.840999999999997527,-0.22840835416762678,9076.504027289438454318
Grails by PROOF Collective,https://lh3.googleusercontent.com/aCqYW0G0Zh1gBfwnP-MP0Dq5qn1i5ed2eMRl5Z0X2lYjNCPZlaevbK42rI6MyFGAJOR3e5yJnADg44h_-2a-mO--lP90gdpu8IONjQ=s120,ETH,2,678,1036,-0.8358087963795147,268.429000000000087311,-0.4331749439204997,23.500,0,2131.266156000000137283
BYOLand,https://lh3.googleusercontent.com/KbV7LSUwQfKg05RPpQsKy6oMBDyYCLIk6B_oeDkCWY6aGOzLCH2dBps5-eQOsyyVsqZwlXJ0r48HNRhdGCJPqazVZOw6btBoQnqg=s120,ETH,1.224,2951,10056,-0.6701187521341639,136.4007000000000005,-0.17657389894623057,6.095000000000000639,2.236498992755134,4522.010374923036579276
ALINFT,https://lh3.googleusercontent.com/sZ-hLGAPCyovhQ-FPUEokpYMM9c5qTdECAtHKHNDx6vdzsBjWmB0iMIzceTelEBvCk6PunoItB43NQ_n62TtVdZ0uNbTZ1E2xctydA=s120,ETH,0.04,4006,8110,-0.5602462063047606,9.25245455549999285,-0.512925757903075,0.67639999999999989,0,2056.525720621659729659
Farm Land by Pixels,https://lh3.googleusercontent.com/W3vxS7fioumIQy8-t9As7h8a8uxufNnLRbLVl3PTQ32eBW8papu5C0AeBhtM_fvsFnomdn9WQLJVBPhQOiwo7z7oV1c8oYQR_DRe=s120,ETH,0.7,2396,5000,-0.08820272499390946,218.925798989999833566,-0.25733635387524273,11.061900000000001398,-0.21236471020043754,4663.323618545831777737
Gooniez Gang Official,https://lh3.googleusercontent.com/OI59gxLlnJR1Vl2KffEVx_dK6hwpnAv2fkypmPuAMgJTJCFTEMuY4m40H6gotvEJN544Zg-XbcH49JC7diyPwmLGKUV8K2Vyt2YQKg=s120,ETH,0.12,5765,8888,-0.5104645414036171,29.464605319999993327,-0.26834859206408873,3.272885999999999296,-0.46343266958872803,5679.268173907908931142
Zoofrenz by Zombot Studio,https://lh3.googleusercontent.com/2pdrMlu5UF2H5wgkJW9Xdnm8xETZbJynokigR-Z9MHBMyYnIXmEZte-sOh6LDVfVY2kpEennWkmJNNvaHMws3jsk9GlpMoEQIR40jQ=s120,ETH,0.4269,3402,6666,-0.04621310798808331,144.403259900000023208,-0.12129017925621098,16.612800000000000011,0.15916790388915747,3684.805072669869787205
Town Star,https://lh3.googleusercontent.com/wp7V1K4Ezhi8yHU6LFpff-GMsjend65nRiwNz5pGAjCwk7ybznEpfUvXiIxQoOWBmeN00AGjVTRhLUqY4fee1fus=s120,ETH,0.00927850,39615,429,-0.03268185733913503,342.023932679764243403,-0.14105087358518129,36.157709725499003639,-0.6476293046671034,29173.383644858895422658
Llamaverse Genesis,https://lh3.googleusercontent.com/I-ef-zrbXTLC8w38vOFCRGnaJyRkyYxHNgb7yNE8g_POI7O1UAo0yDEQIaCtf_eEDdovFkCP9nyDGFpjtOD8T6-JSs0HLqbGSDtdNLo=s120,ETH,1.95,3137,4000,-0.1835427618388987,321.708399798990058116,-0.37427129213356836,56.640900000000002024,0,1943.579584985882092951
JRNY CLUB OFFICIAL,https://lh3.googleusercontent.com/zj2Rka2PYonWXbyiwi_8s7ecOiXYaqHH-K1EZkeuITvSqJ41RIMTICoXfpopTVZ_CB9bIjTJHzwrL7x5eN3yLoAK2VxGDo4-Sw_oTw=s120,ETH,2.25,6646,10000,1.3296881032426735,875.4487743267886799,-0.594996216439002,103.300900000000012824,-0.40912082141447503,13640.76872594609085354
ALPACADABRAZ 3D,https://lh3.googleusercontent.com/Kgsg-xo-BJ70rJ4OpUJBGVGSw2hLZSrfg-kponGjMYWwjpEPCRG1ErN6dzM1Wd1MR9p0h1dA5RWFGOHQvMjiGli5qzwnHPhYeOLJ=s120,ETH,0.18,7978,19969,-0.5051022298329269,69.729430550000031985,0.0763296462920993,9.545859999999997569,0,1916.458212958824333327
The Weirdo Ghost Gang,https://lh3.googleusercontent.com/h6zfwEL_AdVh254qBY9foRbYDxVUK2Y_IvXdWQkA11F-Xr3zaSpBmCpPiPr6asu6S-ObaJvngcmXWELhFwHXUFK-BmDe-FTGiCAof_A=s120,ETH,0.155,2509,5556,-0.3533382339799273,26.487640999999999991,3.558463870641735,9.021199999999995001,2.396159074295185,2471.905840809657547652
Cereal Club,https://lh3.googleusercontent.com/Eyu2IoO2VhggREPjTKlNpcD8fnbDRlZo2NSIpjO0MNLGhW7mnLbgmnBKJyyNTab6KGLQCBpBKlcyA6aqYEmOQJ43qSB8paUz9oYuwEc=s120,ETH,0.109,4259,9955,0.2501706306393052,70.365684900000090352,1.5029305912596378,14.6045999999999907,0,1890.18061657875932724
Boss Beauties,https://lh3.googleusercontent.com/pSvJC9PfgSxXROesWTc2SACmMT598Vuv0g5kURR7o-0wkdhkRQKIw__fghIs-zhL-Ja-qOzI7_twdyglU75FOIksxpuuEhh4-fVDEK8=s120,ETH,1.694746,5511,10000,-0.38820575804765983,300.770179999999811571,0.010659087313245184,44.714589999999908798,-0.7032889234343347,12832.838750913884723559
Cosmic Cats Official,https://lh3.googleusercontent.com/3zlTN7HJPnS_avFw3HPfFXfdlrA5kt3a06eED1LaPAUxUG9TyiTMw9z8y_vlqLaPXHpJU0-2cbJIV9LgeMX-cX8UN1gE0lrjpSOQLSI=s120,ETH,0.079,4716,8888,-0.7777685812852834,40.062825500000037948,0.9825296110139864,9.07205550000000116,0,1793.383644956074476795
FLUF World,https://lh3.googleusercontent.com/6A_zAw2qtq91-5x8yuJUwuV6ttgD2G__RWVApFWfUcH8Qb8oLhW3uP9MkonFAaHRnE4XodwYHCgESxQ3xdQlQrjTros61gPaG3qf2nQ=s120,ETH,3.3,3753,10000,0.3310746697714369,365.749902502988902597,-0.455116696588869,30.350000000000001421,-0.7395284628282321,31814.526403068492072634
Satoshi Runners Official,https://lh3.googleusercontent.com/LezCcPxAQZx3Y9dYOx3eNhrnyn5WnUzVoJRxi2TNU5ApcvjsYjpEh3SOrAwOWJO8d7134yggmL0nMCq-MhIQaW9aY161sA1Sv1mu=s120,ETH,0.14,2424,7777,-0.9126365557600042,142.366782400000317921,-0.1368486443031498,11.810500000000001108,0,1771.958926328061352251
Troverse Planets,https://lh3.googleusercontent.com/Crjer8NEs7CCNfaaisBuSHu9yIVhaReYSuoga15jh56oueGQV57AfVn-m_AoCyT0aozoL_PnJh37NY_AB0J5za_Jc70OuPWxHwQyxQ=s120,ETH,0.28,4140,10000,-0.5273753802150246,568.640032046898909357,-0.2898254935108226,34.614299899999977583,0,1771.793672891098594846
Bored Ape Chemistry Club,https://lh3.googleusercontent.com/Mf4vImKbzrJUcj7f7RZNOl9iZSEEJgkvpiUp9ugXc9dcpxFe6fvVgxYcRmTI1PnvfL_X1bD3mH4e66j6aJhqLEYm0vvpC8Jy8XJNZOI=s120,ETH,22,1082,3,3.481004543979228,552.239000000000032742,0.41012994908427686,185.558999999999997499,-0.7201151619239009,42250.302893647414748557
CyberKongz,https://lh3.googleusercontent.com/LIpf9z6Ux8uxn69auBME9FCTXpXqSYFo8ZLO1GaM8T7S3hiKScHaClXe0ZdhTv5br6FE2g5i-J5SobhKFsYfe6CIMCv-UfnrlYFWOM4=s120,ETH,6.65,2405,5000,-0.2126256040380565,267.742568999999889456,0.021098726114649583,25.649999999999998579,-0.7788193803862905,52004.192888737095927354
Grandpa Ape Country Club,https://lh3.googleusercontent.com/n9HKrkgouw_PsI79-XDrbfeomqcpVDXwDuJTKykWQjxVIOitQeDongPHwap1SbsFb_X0mVyoNGzztJPIV776N0kmnFkApZa-JBxyMA=s120,ETH,,1920,5000,-0.24389352597005054,299.236779575967830169,-0.23682578393549797,7.260000000000001563,0.4567881701297256,3516.888381120564645244
MetaHero Universe: Planet Tokens,https://lh3.googleusercontent.com/cyJeHA0Oo-KveczexdimAxDHTCtmvApkn2SWFhq_QmU4CotxW1uCRp-rBydovapL65kG5geRCrGZts74o3eZS9VONQ6549A4DIMCjg=s120,ETH,0.097,12104,11,-0.24020466101738064,374.67825710679119311,-0.09820188049813498,15.312698899899993776,-0.5586156517370607,10429.658535687702169525
Crypto.Chicks,https://lh3.googleusercontent.com/zEO0YjgOvjan3mBd37uSUP5hHY0dlY8M__ocpsWNEA6dJ2LcC1gkdA48KvOOrxboLKDuS631p99EBeRpnj0pzd69kABLjGFZUeHRFQ=s120,ETH,0.3,4459,9999,-0.3935986961134164,66.869029999999952452,-0.44341072276702154,5.976599999999999469,-0.7502915523758319,11836.704218994491384365
MidnightBreeze,https://lh3.googleusercontent.com/6I3ubH_YUJ11z5yuG32r64zr0O3eKfU-nV0H_uttY-YKzF7dYurcjBt32DzLY32E-EIhmJmnPbcGKfh0x2AiUIG5_Ol7JhckTpIhuA=s120,ETH,0.3298,3355,6969,-0.41628739747775456,58.008768888932138452,0.17917876984686548,8.362500000000000711,4.099819926917992,2361.040253451351873082
Genesis Bloodshed Bears,https://lh3.googleusercontent.com/KAdE9rsF6xyMBzeI-v15-MQjbnJwczn0Ds_CxXmR7_k0G_NiZuGxzAi6t1SVo72KPVJjjsljAE78DSJEW5Bs6tGTJM2IGQQBzigQXg=s120,ETH,0.035,1369,7000,-0.895731396133159,17.742639899999989694,-0.6202705585830569,1.050100000000000255,0,1656.720971154665448921
Shadow Quest,https://lh3.googleusercontent.com/kvY3UaSqpSmowbs5O_TBiooJ8af6k3KYJN-yMsgJxD-g5VGb8_e23yWIDdddY0e4fpbHrwWnaeuXYh_JFQYO5ks7rnHp4PCZgABy=s120,ETH,0.15,560,9996,-0.5482915321774083,115.394589999900162525,-0.23488831400038926,5.501000000000001222,0,1656.128371737587258394
Meta Eagle Club. Galyverse by Gal Yosef,https://lh3.googleusercontent.com/MXHQ-Yps-g7Lz6D25NXgEh-aGP0VVIkG8p5-2pN5EeKJXNmfQ1kv_Pzy6kQfU776FIASm-tAJ5z-zhCergLBtMB52L8v3HS5ZnkF9JA=s120,ETH,0.177,6438,12000,-0.6740872814272486,56.145688000000006923,0.9845291163241014,9.838699999999997559,-0.2991079023386357,3996.938534147961036069
Realms (for Adventurers),https://lh3.googleusercontent.com/kHRyhl24FEUgv0Vs6AsS4jg-qZCZOiD9k5M5T7e7cvRcERcgXMQrXeCy8IZyBeOvgyMZAEGzTJPFfpR0QqqqfYeHD9BXnNnoLmlV=s120,ETH,1.38,423,8000,0.49768045673484695,176.253208460913072031,1.329682760796153,28.399999999999998579,0.38680294868417225,5279.650989883875809028
PeopleInThePlaceTheyLove,https://lh3.googleusercontent.com/ovjOYKiz9oG7dCDGRpgJ9KK7AMk_2_tpkDuNkpxZTYZfYlVP0wS8fuOgz0os2nbYE_sZEteQ4l7ctrBXxeVqrM8os9rwQNJTtS5DILM=s120,ETH,5.345,759,1000,-0.12756141636295665,80.28223468557254705,0.7781818181818184,9.780000000000001137,0,1635.191179129572446982
CyberKongz VX,https://lh3.googleusercontent.com/vpJFZRfBl9ghj9IinaDB3w3xScD9AHwuXxpId50Yo80bw1Tt1BOhJg5pltBN-_wJwA0aCyHbcxIbXNnQ1cKd9xlc5ATdJUL4Yy3kDQ=s120,ETH,1.9,3873,14816,-0.3544653603231389,186.934049999999928104,-0.0499325910021471,19.027000000000001023,-0.7735561532797877,31175.144341383755090646
Cyber Factory 2,https://lh3.googleusercontent.com/72591rGu5Q4R7JeUjXyc1ZH2QJ2CW64OwKQ4Ec9Hf1_z8W6IgXNummT2ErPy80zh0DoUY8KXUXZdvgeUUw9HeIz8L11sYeNqTyD21y0=s120,ETH,0.635,9455,5,0.41189301591171307,275.675499900000033904,0.592408023212479,29.910199899999994955,-0.8026135806381332,12077.573082057675492251
